{
  "results": {
    "d3_p0.0005": {
      "d": 3,
      "p": 0.0005,
      "n_shots": 100000,
      "neural_ler": 7.920495726236181e-05,
      "neural_ci": 5.170651358600698e-05,
      "neural_errors": 6,
      "pm_ler": 0.0001192034206813911,
      "pm_ci": 6.488327710117127e-05,
      "pm_errors": 10,
      "pmc_ler": 0.0001192034206813911,
      "pmc_errors": 10,
      "uf_ler": 0.007158932982430546,
      "uf_errors": 714
    },
    "d3_p0.001": {
      "d": 3,
      "p": 0.001,
      "n_shots": 100000,
      "neural_ler": 0.00038919304875983886,
      "neural_ci": 0.00012073312781233877,
      "neural_errors": 37,
      "pm_ler": 0.0005891853658549854,
      "pm_ci": 0.00014917062786154467,
      "pm_errors": 57,
      "pmc_ler": 0.0005891853658549854,
      "pmc_errors": 57,
      "uf_ler": 0.006638952957983166,
      "uf_errors": 662
    },
    "d3_p0.002": {
      "d": 3,
      "p": 0.002,
      "n_shots": 100000,
      "neural_ler": 0.0016691438781687763,
      "neural_ci": 0.0002522813302062229,
      "neural_errors": 165,
      "pm_ler": 0.0018591365794091653,
      "pm_ci": 0.0002663059839931738,
      "pm_errors": 184,
      "pmc_ler": 0.0018591365794091653,
      "pmc_errors": 184,
      "uf_ler": 0.021478382886443034,
      "uf_errors": 2146
    },
    "d3_p0.003": {
      "d": 3,
      "p": 0.003,
      "n_shots": 100000,
      "neural_ler": 0.0034990735795893666,
      "neural_ci": 0.00036548752459561934,
      "neural_errors": 348,
      "pm_ler": 0.0039990543723272326,
      "pm_ci": 0.00039069729236298274,
      "pm_errors": 398,
      "pmc_ler": 0.0039990543723272326,
      "pmc_errors": 398,
      "uf_ler": 0.0362478155039196,
      "uf_errors": 3623
    },
    "d3_p0.005": {
      "d": 3,
      "p": 0.005,
      "n_shots": 100000,
      "neural_ler": 0.009698835409538906,
      "neural_ci": 0.0006071308215240572,
      "neural_errors": 968,
      "pm_ler": 0.010518803909629008,
      "pm_ci": 0.0006320370958472329,
      "pm_errors": 1050,
      "pmc_ler": 0.010518803909629008,
      "pmc_errors": 1050,
      "uf_ler": 0.04958730305416587,
      "uf_errors": 4957
    },
    "d3_p0.007": {
      "d": 3,
      "p": 0.007,
      "n_shots": 100000,
      "neural_ler": 0.018908481611770403,
      "neural_ci": 0.0008439694295555671,
      "neural_errors": 1889,
      "pm_ler": 0.0203384266790007,
      "pm_ci": 0.0008746777843025327,
      "pm_errors": 2032,
      "pmc_ler": 0.0203384266790007,
      "pmc_errors": 2032,
      "uf_ler": 0.04963730113343966,
      "uf_errors": 4962
    },
    "d3_p0.01": {
      "d": 3,
      "p": 0.01,
      "n_shots": 100000,
      "neural_ler": 0.03580783240631028,
      "neural_ci": 0.0011515067209222222,
      "neural_errors": 3579,
      "pm_ler": 0.03893771216884932,
      "pm_ci": 0.0011988402624157775,
      "pm_errors": 3892,
      "pmc_ler": 0.03893771216884932,
      "pmc_errors": 3892,
      "uf_ler": 0.1067051088165397,
      "uf_errors": 10669
    },
    "d3_p0.015": {
      "d": 3,
      "p": 0.015,
      "n_shots": 100000,
      "neural_ler": 0.07438635037396404,
      "neural_ci": 0.001626249898178626,
      "neural_errors": 7437,
      "pm_ler": 0.0778862159231291,
      "pm_ci": 0.0016609233554219518,
      "pm_errors": 7787,
      "pmc_ler": 0.0778862159231291,
      "pmc_errors": 7787,
      "uf_ler": 0.13057419186184543,
      "uf_errors": 13056
    },
    "d5_p0.0005": {
      "d": 5,
      "p": 0.0005,
      "n_shots": 100000,
      "neural_ler": 2.9206877988575192e-05,
      "neural_ci": 2.74416756647976e-05,
      "neural_errors": 1,
      "pm_ler": 3.920649384333252e-05,
      "pm_ci": 3.37218701334457e-05,
      "pm_errors": 2,
      "pmc_ler": 3.920649384333252e-05,
      "pmc_errors": 2,
      "uf_ler": 0.014708642952772326,
      "uf_errors": 1469
    },
    "d5_p0.001": {
      "d": 5,
      "p": 0.001,
      "n_shots": 100000,
      "neural_ler": 3.920649384333252e-05,
      "neural_ci": 3.37218701334457e-05,
      "neural_errors": 2,
      "pm_ler": 0.00010920380482663378,
      "pm_ci": 6.185290733878312e-05,
      "pm_errors": 9,
      "pmc_ler": 0.00010920380482663378,
      "pmc_errors": 9,
      "uf_ler": 0.016858560361545153,
      "uf_errors": 1684
    },
    "d5_p0.002": {
      "d": 5,
      "p": 0.002,
      "n_shots": 100000,
      "neural_ler": 0.000239198810938479,
      "neural_ci": 9.390383600980724e-05,
      "neural_errors": 22,
      "pm_ler": 0.0004691899755978974,
      "pm_ci": 0.0001328420571307136,
      "pm_errors": 45,
      "pmc_ler": 0.0004691899755978974,
      "pmc_errors": 45,
      "uf_ler": 0.03832773560170912,
      "uf_errors": 3831
    },
    "d5_p0.003": {
      "d": 5,
      "p": 0.003,
      "n_shots": 100000,
      "neural_ler": 0.0010891661585928514,
      "neural_ci": 0.00020353599635627734,
      "neural_errors": 107,
      "pm_ler": 0.0014691515610736298,
      "pm_ci": 0.0002366158826925109,
      "pm_errors": 145,
      "pmc_ler": 0.0014691515610736298,
      "pmc_errors": 145,
      "uf_ler": 0.05469710675594686,
      "uf_errors": 5468
    },
    "d5_p0.005": {
      "d": 5,
      "p": 0.005,
      "n_shots": 100000,
      "neural_ler": 0.005508996366395589,
      "neural_ci": 0.0004583653374358457,
      "neural_errors": 549,
      "pm_ler": 0.006948941049480644,
      "pm_ci": 0.0005145158528594071,
      "pm_errors": 693,
      "pmc_ler": 0.006948941049480644,
      "pmc_errors": 693,
      "uf_ler": 0.05667703069518882,
      "uf_errors": 5666
    },
    "d5_p0.007": {
      "d": 5,
      "p": 0.007,
      "n_shots": 100000,
      "neural_ler": 0.014848637574738928,
      "neural_ci": 0.0007493906124411906,
      "neural_errors": 1483,
      "pm_ler": 0.01886848314835137,
      "pm_ci": 0.0008430930342606475,
      "pm_errors": 1885,
      "pmc_ler": 0.01886848314835137,
      "pmc_errors": 1885,
      "uf_ler": 0.0676466092878576,
      "uf_errors": 6763
    },
    "d5_p0.01": {
      "d": 5,
      "p": 0.01,
      "n_shots": 100000,
      "neural_ler": 0.04185759999843846,
      "neural_ci": 0.0012410985223942294,
      "neural_errors": 4184,
      "pm_ler": 0.047637377962488195,
      "pm_ci": 0.0013200342382227823,
      "pm_errors": 4762,
      "pmc_ler": 0.047637377962488195,
      "pmc_errors": 4762,
      "uf_ler": 0.1131048629635844,
      "uf_errors": 11309
    },
    "d5_p0.015": {
      "d": 5,
      "p": 0.015,
      "n_shots": 100000,
      "neural_ler": 0.12065457293392617,
      "neural_ci": 0.0020187756742838436,
      "neural_errors": 12064,
      "pm_ler": 0.12550438662348345,
      "pm_ci": 0.0020532665879152154,
      "pm_errors": 12549,
      "pmc_ler": 0.12550438662348345,
      "pmc_errors": 12549,
      "uf_ler": 0.18069226652588916,
      "uf_errors": 18068
    },
    "d7_p0.0005": {
      "d": 7,
      "p": 0.0005,
      "n_shots": 100000,
      "neural_ler": 1.9207262133817868e-05,
      "neural_ci": 1.9207262133817868e-05,
      "neural_errors": 0,
      "pm_ler": 1.9207262133817868e-05,
      "pm_ci": 1.9207262133817868e-05,
      "pm_errors": 0,
      "pmc_ler": 1.9207262133817868e-05,
      "pmc_errors": 0,
      "uf_ler": 0.02508824421001043,
      "uf_errors": 2507
    },
    "d7_p0.001": {
      "d": 7,
      "p": 0.001,
      "n_shots": 100000,
      "neural_ler": 1.9207262133817868e-05,
      "neural_ci": 1.9207262133817868e-05,
      "neural_errors": 0,
      "pm_ler": 1.9207262133817868e-05,
      "pm_ci": 1.9207262133817868e-05,
      "pm_errors": 0,
      "pmc_ler": 1.9207262133817868e-05,
      "pmc_errors": 0,
      "uf_ler": 0.03072802755209356,
      "uf_errors": 3071
    },
    "d7_p0.002": {
      "d": 7,
      "p": 0.002,
      "n_shots": 100000,
      "neural_ler": 8.920457311711912e-05,
      "neural_ci": 5.529596817288187e-05,
      "neural_errors": 7,
      "pm_ler": 0.00016920149995517772,
      "pm_ci": 7.829439260814294e-05,
      "pm_errors": 15,
      "pmc_ler": 0.00016920149995517772,
      "pmc_errors": 15,
      "uf_ler": 0.04921731726753985,